{
  "xgboost": {
    "model_name": "xgboost",
    "auc": 0.672374636627907,
    "accuracy": 0.65,
    "auc_ci": {
      "mean": 0.6715394974498397,
      "lower": 0.6118916828468427,
      "upper": 0.7265476555481377,
      "std": 0.030278012832827914
    },
    "calibration": {
      "fraction_of_positives": [
        0.2692307692307692,
        0.358974358974359,
        0.2903225806451613,
        0.39473684210526316,
        0.28,
        0.5,
        0.36363636363636365,
        0.55,
        0.6451612903225806,
        0.95
      ],
      "mean_predicted_value": [
        0.0438287785420051,
        0.1448429259352195,
        0.254033524182535,
        0.34816744374601466,
        0.45319939017295835,
        0.5521675565026023,
        0.6585604087872938,
        0.7599224746227264,
        0.8536374953485304,
        0.9330870836973191
      ],
      "ece": 0.15310698196291925,
      "brier_score": 0.24317719042301178
    },
    "n_samples": 300
  },
  "uncertainty": {
    "model_name": "uncertainty",
    "auc": 0.7014898255813954,
    "accuracy": 0.6466666666666666,
    "auc_ci": {
      "mean": 0.7009161466659807,
      "lower": 0.6367744243881825,
      "upper": 0.7550422487423736,
      "std": 0.030606739766291323
    },
    "calibration": {
      "fraction_of_positives": [
        0.16666666666666666,
        0.30357142857142855,
        0.22448979591836735,
        0.3783783783783784,
        0.4634146341463415,
        0.375,
        0.6923076923076923,
        0.8571428571428571,
        1.0
      ],
      "mean_predicted_value": [
        0.1828579641878605,
        0.2495494737688984,
        0.34984056925287055,
        0.44839129174077835,
        0.5528191415275016,
        0.6398408010601997,
        0.7525656926326263,
        0.8421681012426104,
        0.9238968133926392
      ],
      "ece": 0.09752150287230808,
      "brier_score": 0.21909034252166748
    },
    "n_samples": 300
  },
  "conformal": {}
}