{
  "timestamp": "2026-02-11T21:35:38.617125",
  "n_train": 56734,
  "n_test": 14184,
  "n_features": 21,
  "models": {
    "xgboost": {
      "model_name": "XGBoost",
      "auc": 0.7986768463955333,
      "accuracy": 0.7355470953186689,
      "auc_ci": {
        "mean": 0.7985182940459431,
        "lower": 0.7907890824529228,
        "upper": 0.8058566915762198,
        "std": 0.0038978668450548024
      },
      "calibration": {
        "fraction_of_positives": [
          0.09052333804809053,
          0.1824370319945541,
          0.2547945205479452,
          0.3409090909090909,
          0.44341801385681295,
          0.5481927710843374,
          0.6391184573002755,
          0.7910174152153987,
          0.8361429534726905,
          0.875968992248062
        ],
        "mean_predicted_value": [
          0.06443209867299399,
          0.15192199649556792,
          0.25041942793076444,
          0.3485960292198693,
          0.4493229641787725,
          0.5480426566069385,
          0.6473038716257111,
          0.7648415807515082,
          0.8503343520619463,
          0.9283956806789073
        ],
        "ece": 0.014023742077528621,
        "brier_score": 0.18153347074985504
      },
      "n_samples": 14184
    },
    "uncertainty": {
      "model_name": "MC Dropout MLP",
      "mean_uncertainty": 0.04688888043165207,
      "max_uncertainty": 0.26595252752304077,
      "uncertainty_error_correlation": 0.0018243868888741079,
      "calibration": {
        "fraction_of_positives": [
          0.09302325581395349,
          0.14131218457101657,
          0.23124448367166814,
          0.3268463073852295,
          0.4397293972939729,
          0.5634674922600619,
          0.6568181818181819,
          0.7947598253275109,
          0.8567800914169629,
          0.8768844221105527
        ],
        "mean_predicted_value": [
          0.07197567983221052,
          0.15636854158968228,
          0.25155341825780886,
          0.34721840601302906,
          0.4469753319047034,
          0.5447124870199906,
          0.64945230436596,
          0.7590795613387903,
          0.8456439331680945,
          0.9313533389987658
        ],
        "ece": 0.019296550003363118,
        "brier_score": 0.18130572140216827
      }
    }
  }
}