{
  "timestamp": "2026-02-09T14:47:45.175601",
  "n_train": 56734,
  "n_test": 14184,
  "n_features": 21,
  "models": {
    "xgboost": {
      "model_name": "XGBoost",
      "auc": 0.7986768463955333,
      "accuracy": 0.7355470953186689,
      "auc_ci": {
        "mean": 0.7985182940459431,
        "lower": 0.7907890824529228,
        "upper": 0.8058566915762198,
        "std": 0.0038978668450548024
      },
      "calibration": {
        "fraction_of_positives": [
          0.09052333804809053,
          0.1824370319945541,
          0.2547945205479452,
          0.3409090909090909,
          0.44341801385681295,
          0.5481927710843374,
          0.6391184573002755,
          0.7910174152153987,
          0.8361429534726905,
          0.875968992248062
        ],
        "mean_predicted_value": [
          0.06443209867299399,
          0.15192199649556792,
          0.25041942793076444,
          0.3485960292198693,
          0.4493229641787725,
          0.5480426566069385,
          0.6473038716257111,
          0.7648415807515082,
          0.8503343520619463,
          0.9283956806789073
        ],
        "ece": 0.014023742077528621,
        "brier_score": 0.18153348123480811
      },
      "n_samples": 14184
    },
    "tabpfn": {
      "model_name": "TabPFN",
      "auc": 0.7904012785957684,
      "accuracy": 0.726804850535815,
      "auc_ci": {
        "mean": 0.7902146831853109,
        "lower": 0.7822834949277014,
        "upper": 0.7983275371776118,
        "std": 0.0039977819541883374
      },
      "calibration": {
        "fraction_of_positives": [
          0.10934393638170974,
          0.1763975155279503,
          0.26434426229508196,
          0.34643377001455605,
          0.43486590038314177,
          0.521079258010118,
          0.6172707889125799,
          0.7982808022922636,
          0.8384789156626506,
          0.8433734939759037
        ],
        "mean_predicted_value": [
          0.08123501485757989,
          0.1511402966443056,
          0.24523739370166278,
          0.34656591047539637,
          0.4543003448086528,
          0.545234821297065,
          0.6457406830177632,
          0.7526034625690099,
          0.849589066804353,
          0.9084449410438538
        ],
        "ece": 0.021673053277691093,
        "brier_score": 0.18550858721169214
      },
      "n_samples": 14184
    },
    "uncertainty": {
      "model_name": "MC Dropout MLP",
      "mean_uncertainty": 0.048048507422208786,
      "max_uncertainty": 0.2624756395816803,
      "calibration": {
        "fraction_of_positives": [
          0.07407407407407407,
          0.145368492224476,
          0.23058053965658218,
          0.33316352521650533,
          0.4421364985163205,
          0.5531135531135531,
          0.6627565982404692,
          0.8009569377990431,
          0.8602645198389879,
          0.8737864077669902
        ],
        "mean_predicted_value": [
          0.07269561950212207,
          0.15759666907859865,
          0.2521476892119339,
          0.34653160133898653,
          0.4473678968647821,
          0.5491435348332583,
          0.6477707051694801,
          0.7546550471816907,
          0.8466612125964875,
          0.9352886911734793
        ],
        "ece": 0.019548817937463544,
        "brier_score": 0.18133411280379197
      }
    }
  }
}