{
  "xgboost": {
    "model_name": "xgboost",
    "auc": 0.8022732449310317,
    "accuracy": 0.737098138747885,
    "auc_ci": {
      "mean": 0.8020980271723533,
      "lower": 0.7945023145078641,
      "upper": 0.8095023113297416,
      "std": 0.00385329188285024
    },
    "calibration": {
      "fraction_of_positives": [
        0.07610619469026549,
        0.16709844559585493,
        0.24513064133016627,
        0.33642578125,
        0.4586233565351895,
        0.5539872971065631,
        0.6287519747235387,
        0.7984267453294002,
        0.8432240921169176,
        0.8457142857142858
      ],
      "mean_predicted_value": [
        0.07083026361280838,
        0.15125627033026415,
        0.25045592268827127,
        0.3511657488415949,
        0.44750386905227624,
        0.5469797525762586,
        0.6470396626993755,
        0.7663081663430851,
        0.8459081856733514,
        0.9324461579322815
      ],
      "ece": 0.011397036484264577,
      "brier_score": 0.17983466386795044
    },
    "n_samples": 14184
  },
  "uncertainty": {
    "model_name": "uncertainty",
    "auc": 0.7189451704204521,
    "accuracy": 0.6560913705583756,
    "auc_ci": {
      "mean": 0.7189279930778093,
      "lower": 0.7101728347802106,
      "upper": 0.7272231680299779,
      "std": 0.004458219331363699
    },
    "calibration": {
      "fraction_of_positives": [
        0.09523809523809523,
        0.11494252873563218,
        0.2425558312655087,
        0.33921815889029006,
        0.4497528830313015,
        0.5289561047583917,
        0.6832986832986833,
        0.798800799467022,
        0.7327586206896551,
        0.8648648648648649
      ],
      "mean_predicted_value": [
        0.04538872221573478,
        0.1724406129669869,
        0.2559298287809043,
        0.3507524232696014,
        0.44986979815575007,
        0.5519399363279607,
        0.6482122625977482,
        0.7385090496204918,
        0.8212118025483757,
        0.9498380100404894
      ],
      "ece": 0.02446440889647684,
      "brier_score": 0.21456938982009888
    },
    "n_samples": 14184
  },
  "conformal": {}
}